question,answer,category
What is the college timing?,The college timing is 9:00 AM to 4:10PM.,General
What are the office timings?,The college office is open from 9:00 AM to 5:00 PM on working days.,General
Where is the college located?,The college is located in the city campus main road area.,General
What courses are offered?,The college offers undergraduate and postgraduate courses in various departments.,Academics
Is hostel available?,"Yes, hostel facilities are available for both boys and girls.",Hostel
What is the admission process?,Students can apply online or visit the admission office with required documents.,Admission
What documents are required for admission?,"Students need 10th and 12th marksheets, transfer certificate, ID proof, and passport-size photos.",Admission
Is transport facility available?,"Yes, the college provides bus transportation for students from different routes.",Transport
What is the library timing?,The library is open from 8:30 AM to 6:00 PM on working days.,Library
Does the college provide placements?,"Yes, the college has a placement cell and conducts campus recruitment drives.",Placement
What are the fees for CSE?,Please contact the admission office for the latest CSE fee structure.,Fees
How can I contact the college office?,"You can contact the college office through phone, email, or by visiting the administrative block.",Contact
When do semester exams start?,Semester exam dates are announced in the academic calendar and by the examination cell.,Exams
Is there a canteen on campus?,"Yes, the college has a canteen that serves breakfast, lunch, and snacks.",Facilities
What are the lab timings?,Lab timings depend on the department timetable and schedule.,Academics
Can students apply for scholarships?,"Yes, eligible students can apply for government and merit-based scholarships.",Scholarship
Is Wi-Fi available on campus?,"Yes, Wi-Fi is available in major academic blocks and labs.",Facilities
What are the hostel fees?,Hostel fees vary based on room type and facilities. Contact the hostel office for details.,Hostel
How do I get my hall ticket?,Hall tickets are usually issued before examinations through the exam cell or student portal.,Exams
Who should I contact for placement training?,Students can contact the placement cell coordinator for placement training details.,Placement
Is there an attendance requirement?,"Yes, students must maintain the minimum attendance percentage as per college rules.",Academics
How can I check my attendance?,Attendance can be checked through the student portal or department records.,Academics
Are ID cards mandatory?,"Yes, students must carry their college ID cards every day.",General
Is uniform compulsory?,"Yes, students must follow the college dress code or uniform rules if applicable.",General
Are mobile phones allowed in class?,Mobile phone usage is restricted during class hours unless permitted by faculty.,Rules
How can I apply for leave?,Students should submit a leave letter to the class advisor or department office.,General
Is ragging prohibited?,"Yes, ragging is strictly prohibited and punishable as per anti-ragging regulations.",Rules
Does the college have anti-ragging support?,"Yes, the college has an anti-ragging committee and support system.",Rules
Is there a student portal?,"Yes, students can use the college portal for attendance, marks, and announcements.",General
How do I log in to the student portal?,Use your student ID/registration number and password provided by the college.,General
Can I reset my student portal password?,"Yes, password reset can be done through the portal or by contacting the admin office.",General
What is the college dress code?,Students should follow decent dress standards or the uniform policy prescribed by the college.,Rules
Are there sports facilities?,"Yes, the college provides sports grounds and indoor game facilities.",Facilities
Does the college have a gym?,Some colleges provide gym facilities; please check with the physical education department.,Facilities
Are cultural events conducted?,"Yes, the college conducts culturals, department events, and annual day celebrations.",Activities
Is there an NSS or NCC unit?,"Yes, eligible students can join NSS or NCC if offered by the college.",Activities
Can first-year students join clubs?,"Yes, first-year students can participate in clubs and student activities.",Activities
How can I get a bonafide certificate?,Students can apply for a bonafide certificate through the office or department.,Certificates
How can I get a transfer certificate?,Transfer certificate requests can be submitted to the administrative office.,Certificates
How can I get my mark sheets?,Mark sheets are distributed by the exam section or can be downloaded if available online.,Exams
What is the exam pattern?,"The exam pattern includes internal assessments, assignments, and semester-end examinations.",Exams
How many internal exams are conducted?,Usually two or three internal exams are conducted each semester.,Exams
Are assignments compulsory?,"Yes, assignments are usually part of internal assessment and must be submitted on time.",Academics
What happens if I miss an internal exam?,You should inform the department and follow the re-exam or approval process if available.,Exams
Can I apply for revaluation?,"Yes, students can apply for revaluation after semester results are announced.",Exams
How do I know my classroom number?,Classroom details are shared through the department timetable or notice board.,Academics
How are students informed about holidays?,"Holiday notices are shared through circulars, notice boards, or the student portal.",General
Does the college have a medical room?,"Yes, basic first aid or medical support may be available on campus.",Facilities
Is there a parking facility?,"Yes, separate parking facilities are available for students and staff in many colleges.",Facilities
Can parents meet faculty members?,"Yes, parents can meet faculty during working hours or parent-teacher meetings.",General
Is there a grievance cell?,"Yes, students can approach the grievance cell for complaints and support.",Support
How can I report harassment or misconduct?,"Students should contact the grievance cell, anti-ragging cell, or management immediately.",Support
Does the college provide internships?,The college may assist students with internship opportunities through departments or placement cell.,Placement
Are industrial visits arranged?,"Yes, departments may arrange industrial visits as part of academic learning.",Academics
Is there a seminar hall?,"Yes, colleges usually have seminar halls for events, workshops, and guest lectures.",Facilities
Can students use the library on weekends?,Weekend library access depends on college rules and working schedule.,Library
How many books can a student borrow?,The number of books allowed depends on library policy.,Library
What is the fine for late library return?,Library fine charges are based on the number of delayed days as per policy.,Library
Are digital library resources available?,"Yes, many colleges provide access to e-books, journals, and digital resources.",Library
Is there a computer lab?,"Yes, the college has computer labs for academic and practical use.",Facilities
Are lab coats required in science labs?,"Yes, lab coats may be required depending on department and lab safety rules.",Academics
Is there a separate hostel for girls?,"Yes, separate hostel facilities are usually available for girls.",Hostel
What facilities are available in hostel?,"Hostel facilities may include beds, study tables, food, Wi-Fi, and security.",Hostel
What are hostel in-time rules?,Hostel students must return before the in-time set by hostel management.,Hostel
Is hostel food provided?,"Yes, hostel mess facilities are generally available for residents.",Hostel
Can day scholars use hostel mess?,This depends on hostel rules; please check with the hostel office.,Hostel
How can I pay college fees?,"Fees can be paid online, through bank challan, or at the accounts office.",Fees
Is installment payment available for fees?,Fee installment options depend on college policy and approval.,Fees
Can I get a fee receipt online?,"Yes, fee receipts may be downloaded from the portal if online payment is available.",Fees
Are scholarships available for first-generation students?,Scholarship eligibility depends on government schemes and college policy.,Scholarship
How do I apply for a government scholarship?,Apply through the scholarship portal and submit required documents to the college office.,Scholarship
Can management quota students apply for scholarships?,Scholarship eligibility depends on the specific scheme and rules.,Scholarship
What companies visit for placements?,Placement companies vary every year based on department and recruitment drives.,Placement
When does placement training start?,Placement training usually starts from pre-final or final year depending on the department.,Placement
Are aptitude classes provided?,"Yes, many colleges provide aptitude and soft skill training for placements.",Placement
Is resume preparation support available?,"Yes, the placement cell may help students with resume building and interview preparation.",Placement
Are mock interviews conducted?,"Yes, mock interviews and group discussion practice are often arranged by the placement cell.",Placement
Can students get recommendation letters?,Recommendation letters may be provided by faculty based on academic performance and purpose.,Certificates
How can I contact my HOD?,You can meet the Head of Department during working hours or contact through the department office.,Contact
Where is the principal office?,The principal office is usually located in the main administrative block.,Contact
Can students meet the principal?,"Yes, students can meet the principal with prior permission or through proper procedure.",Contact
Is there a WhatsApp group for class updates?,Class updates may be shared through official WhatsApp groups managed by faculty or class representatives.,Communication
How are circulars shared with students?,"Circulars are shared through notice boards, class groups, email, or the student portal.",Communication
Are email IDs provided to students?,Some colleges provide official email IDs for students.,Communication
Is there a lost and found section?,Please contact the office or security desk for lost and found assistance.,Support
Are there CCTV cameras on campus?,"Yes, CCTV surveillance may be installed in key campus areas for safety.",Security
Is campus security available at night?,"Yes, security staff are generally available for campus and hostel safety.",Security
Are visitors allowed inside campus?,Visitor entry is subject to security rules and approval procedures.,Security
Can alumni visit the college?,Alumni may visit the college with permission and during official events.,General
Does the college celebrate graduation day?,"Yes, many colleges conduct graduation day or convocation ceremonies.",Activities
Is there a placement eligibility criterion?,"Yes, eligibility may depend on CGPA, attendance, and company requirements.",Placement
Can I get duplicate ID card?,"Yes, duplicate ID cards can be issued on request after paying the required fee if applicable.",Certificates
How do I update my phone number in records?,Submit a request to the office or update it through the student portal if available.,General
Can I change my elective subject?,Elective subject change depends on department approval and academic rules.,Academics
What should I do if I forget my hall ticket?,Contact the exam cell immediately for guidance before the exam.,Exams
Is there a separate prayer room?,Availability of a prayer room depends on college infrastructure and policy.,Facilities
Are workshops and guest lectures conducted?,"Yes, departments often organize workshops, seminars, and guest lectures.",Activities
Can I participate in inter-college competitions?,"Yes, eligible students can participate through their department or club.",Activities
Is there support for higher studies guidance?,"Yes, faculty mentors or placement/career guidance cells may help with higher studies guidance.",Support
Who should I contact for scholarship verification?,Contact the scholarship coordinator or office staff handling scholarship applications.,Scholarship
How can I get a conduct certificate?,Conduct certificates can be requested from the office or department with proper application.,Certificates
What is the process for semester result correction?,Report the issue to the exam cell and submit proof if correction is required.,Exams
Can I use the college bus occasionally?,Occasional bus use depends on transport department rules and seat availability.,Transport
How can I know my bus route details?,Bus route details are available in the transport office or college transport notice.,Transport
